{"tax_rate":0.07,"InputPrices":[99.7,65.55,71.77,89.12],"TaxIncludedPrices":{"65.55":70.13850000000001,"71.77":76.7939,"89.12":95.35840000000002,"99.70":106.67900000000002}}
