{"tax_rate":0.1,"InputPrices":[99.7,65.55,71.77,89.12],"TaxIncludedPrices":{"65.55":72.105,"71.77":78.947,"89.12":98.03200000000001,"99.70":109.67000000000002}}
